id,type,text
"3995b95e-448c-40aa-bf5c-9cf4f4084887","Definiton","uri"
"ab22df28-f1a4-4fec-9464-9edd146a1746","Definiton","uri"
"cef1acbf-49c8-4ffa-85e6-1a6235df508e","Definiton","uri"
"20855d01-ab18-4713-83ac-4a02aafd32d1","Definiton","uri"
"d53ad026-01b8-4207-a3e5-c3a78e051088","Definiton","uri"
"9e96a791-4958-4101-b849-e8ba76f2d4d7","Definiton","uri"
"c95f7127-b788-444d-8f31-c1966ff1fa8d","Definiton","uri"
"00b833d2-2527-4376-bfcb-ecc4d2de2a06","Definiton","uri"
"3eabfea6-d16f-4d86-894b-36d203de218b","Definiton","uri"
"569ff84e-e43f-4ec5-b16d-d331d282df50","Definiton","uri"
"ad34d68a-f207-4d59-a0ac-7818a2645aad","Definiton","uri"
"17e99bc0-01c1-4dbf-bf19-b7be2648519f","Definiton","uri"
"22408a7b-2ae5-43eb-ae05-8a01c1a1e805","Definiton","uri"
"d988276e-e716-4253-b39d-9c103ebb9218","Definiton","uri"
"ae4154b4-5c60-42e6-8e66-8c7df12fdf5c","Definiton","uri"
"77d08dd2-9093-45e2-9f3f-4e5650dcf7d3","Definiton","uri"
"1cb9d31a-3195-4524-a88a-4f4d07b25f82","Definiton","uri"
"bf038d23-122b-483b-8c02-f316f322ca2c","Definiton","uri"
"9b3b66b7-4830-4022-a85c-4fea782302ed","Definiton","uri"
"793b3c89-4959-4b5f-9b50-82d2b32a384c","Definiton","uri"
"9b154ea3-d5db-48c8-a24b-97c874f6934e","Definiton","uri"
"9190a904-505a-454c-9907-4677db6fc4a3","Definiton","uri"
"d9bbddc2-c92b-4b30-9653-e71b66d21ee0","Definiton","uri"
"6113cb4b-732f-46ad-90b6-ebf4c541df58","Definiton","uri"
"8093b3db-1daa-4621-83a8-a026f421ed88","Definiton","uri"
"3d22c4f8-65ff-4b75-a283-27788355fa62","Definiton","uri"
"7fe30787-f6a0-4699-8e82-1a5680bb3409","Definiton","uri"
"2d6a6543-5325-444a-8a55-b1efc93bd188","Definiton","uri"
"82cfa854-ad37-419d-a14d-afdaf145c0fe","Definiton","uri"
"1e334d8e-76ab-4ad9-999e-469abb1fcf55","Definiton","uri"
"e75d7af8-beec-4a2d-9220-90d4df8a8413","Definiton","uri"
"e14301d9-7ac9-41a8-8b2e-3cd3fa2c2e42","Definiton","uri"
"3bf66232-fbd0-4135-9b20-71d314b7c195","Definiton","uri"
"a8ed392a-191f-4c5a-bcbb-68bbb8446e64","Definiton","uri"
"ae4271d7-f3f3-4c89-bcd7-041a20375f03","Definiton","uri"
"f7fa5695-e056-488d-8f28-f6b7b1d2ae94","Definiton","uri"
"9af8428f-7b66-4ed0-a459-a16144a1c416","Definiton","uri"
"1648e929-9e24-4e34-8384-47b89342a1f8","Definiton","uri"
"fb5473c6-8e54-428f-a2e6-695686fa5c31","Definiton","uri"
"b8e10458-903b-43f5-befa-df11f800b6c5","Definiton","uri"
"1ac97293-1e7a-4edd-b230-b304239cf2a2","Definiton","uri"
"2ad31bb9-9c28-40df-b80c-b4a1ef56dbdc","Definiton","uri"
"fb5ea386-cb27-40db-a24e-809a9e17a9de","Definiton","uri"
"7b0bea25-f8c0-4cd1-bfe0-e5f2b2f7fcbc","Definiton","uri"
"b2c85da9-372e-4e9a-a7b9-b564e59f45ff","Definiton","uri"
"2217af94-3bd6-4741-a090-e8236c2b2632","Definiton","uri"
"387b292c-98c2-4370-a464-5158e9ea7440","Definiton","uri"
"6a12c4dd-1598-41df-b89a-5cc7bb2c42d0","Definiton","uri"
"ed520d78-cad8-456a-8490-47e5456cce24","Definiton","uri"
"fe6d1852-c94f-47eb-82c3-5c68eb87ffbb","Definiton","uri"
"8d822be9-c95b-4ace-9234-85de888952c3","Definiton","uri"
"4bccce55-3201-49b8-8ba4-eb749159c2fa","Definiton","uri"
"7e9a3302-d35a-4be9-850d-51cf28bf8c57","Definiton","uri"
"0108b6e0-c89a-421a-9a7c-813d07e45332","Definiton","uri"
"c48e00d7-a056-46f5-8569-12f1cd58c20c","Definiton","uri"
"7adb00fb-63d1-4333-813c-bb77c0ad2337","Definiton","uri"
"aaf91e55-b289-429d-b234-2b8f85cb4b26","Definiton","uri"
"ba207a59-e66b-4b4c-bdeb-fb99186965b4","Definiton","uri"
"9218a384-794a-41e3-b94f-62f9ad74f0ec","Definiton","uri"
"57ccc11b-d89d-4ecc-9eb2-237899417b62","Definiton","uri"
"191118df-0b6f-4876-9fb0-df8984c6a8f0","Definiton","uri"
"314f8464-0c0e-4b0d-9ab9-1581b05bc1ae","Definiton","uri"
"23614640-1f81-40a2-839a-6cf0df052de4","Definiton","uri"
"4a46e50e-62e5-43e3-89b1-90465f13487e","Definiton","uri"
"efb0cade-9c97-40f2-8985-108d5a71d7a9","Definiton","uri"
"6a4c89bc-0bc8-4d55-aea1-fe300533adfc","Definiton","uri"
"084ed17f-0b1f-4857-90c7-0ce3a9f911a1","Definiton","uri"
"3256d023-2a5a-461f-b4cf-9968ff6fc127","Definiton","uri"
"1ebe9820-6f6b-4a8c-ba1d-5a47e7d8aa33","Definiton","uri"
"fae7b386-b505-4c44-ae9e-26ccd65c1d03","Definiton","uri"
"4cba9b08-8344-4752-a252-f59a51087b3f","Definiton","uri"
"346bc603-27cf-4690-8726-62c082834e16","Definiton","uri"
"2dfc063c-0380-45e9-8597-b0d7f991e282","Definiton","uri"
"d6b52428-bc76-4608-8591-ea56f268623b","Definiton","uri"
"777b0f49-94b5-4442-8dc8-02dc8848f8e2","Definiton","uri"
"9e18524f-c120-4c6b-a7d7-05713422dc61","Definiton","uri"
"f917b270-0737-424a-ad80-e209340f9c51","Definiton","uri"
"b2572b1f-9056-429c-a83f-6987dba1eb88","Definiton","uri"
"429372ff-d051-4e7b-9ac5-73e0948953d0","Definiton","uri"
"100c1d46-f224-4f84-8c76-fd5b3ed9de31","Definiton","uri"
"adbaa48c-307b-4372-bb12-0ab1310db870","Definiton","uri"
"f57651bb-c84d-4348-ada7-df97dcf786b6","Definiton","uri"
"a690c3d9-3a3f-491c-bc68-a60f6641a464","Definiton","uri"
"0a10f6b5-7168-4f11-9d6e-76413d74ab95","Definiton","uri"
"11446db7-d51b-4c64-96c7-379914e4c447","Definiton","uri"
"bdad5b84-37e4-49a5-a252-993adef96d9d","Definiton","uri"
"ccc62a23-bb5f-41bd-8c97-d5a7b07f84bd","Definiton","uri"
"a1d41113-32c4-4638-93de-01240d2f9032","Definiton","uri"
"115304d6-fac0-44a7-9756-f3bf83174e06","Definiton","uri"
"ff1e0bc6-2ed9-4110-8466-317ef8b7f441","Definiton","uri"
"3b5ccf15-59d7-46b1-bec9-74baae4b3090","Definiton","uri"
"ba7d69d3-fa07-47a1-839b-0010f94ee8b5","Definiton","uri"
"4d0fefa4-13bf-4488-a471-e851b6c6ea36","Definiton","uri"
"fb2cf02d-8028-4b33-8a63-9ea8936e1df0","Definiton","uri"
"d0623ef8-fec1-46f0-b11d-0ca4c42cc120","Definiton","uri"
"a5d7fc52-57f9-486c-bc56-60eb50183ac9","Definiton","uri"
"5208bb30-6c13-4b5d-b672-543830e044fe","Definiton","uri"
"74a0276b-4b1c-449f-bc83-4759943347a2","Definiton","uri"
"ad89ef84-7cd6-40ad-a644-1d9dabe00b88","Definiton","uri"
"a7f85dc6-841e-4d35-9a9d-36fa184e5051","Definiton","uri"
"4a85a4b1-84b2-42ca-bbf0-d11b7e704829","Definiton","uri"
"939c93b7-200c-436e-a618-e4f36456eb43","Definiton","uri"
"7232ddc9-544a-4554-be78-2c0b71b8f32e","Definiton","uri"
"a36eb141-5dd0-4065-a366-76cf4c3c92e8","Definiton","uri"
"1e0e5baf-4ca8-4907-91e2-355d3b1cfa45","Definiton","uri"
"ab982d7d-5652-4c90-a12b-901eb2ad0f99","Definiton","uri"
"06d4ff58-709d-4e18-ba23-1b1015a37486","Definiton","uri"
"4c7f7888-4146-4c58-8f6c-34c3c30f3567","Definiton","uri"
"1a1e2f10-a1a1-4860-8902-1df56c2add99","Definiton","uri"
"cd916de9-03b9-414f-89ba-314866d3b342","Definiton","uri"
"1d3289f5-aff3-4c3e-bafa-35228287168d","Definiton","uri"
"07af4813-e5fb-4c6b-8e7a-7c760fd80bd1","Definiton","uri"
"141b29e9-8b46-4c5b-b0e4-89024b0029d8","Definiton","uri"
"b7652250-9f8d-434e-9efe-5eb65c15e242","Definiton","uri"
"00e53bbe-7ad3-432f-9077-72f810d17d3e","Definiton","uri"
"6e22ce70-1f7c-4b59-9ec8-3e009dc19876","Definiton","uri"
"9237926a-ab04-4cc8-aaaf-0f810e6c6aa8","Definiton","uri"
"8bdd3922-9766-4539-9540-b4e9d510549c","Definiton","uri"
"156161f7-e345-458e-8e2e-f75cfd2fe088","Definiton","uri"
"2f0a6423-5191-4925-8682-b812ea8f3a86","Definiton","uri"
"2db59c5c-9091-42ef-ae1d-c76402642155","Definiton","uri"
"dbd1dc48-aab5-485b-bb10-1ebd916d57ba","Definiton","uri"
"12c03d06-df3e-47db-8413-35dc5da71f67","Definiton","uri"
"1787d5d2-cca1-4196-a8b6-baab7ecc2244","Explication","uri"
"3368a8f7-291e-425a-818e-30e927718c30","Explication","uri"
"65d15afc-d780-44dc-904d-818568d178a4","Explication","uri"
"24463c44-3f02-4816-b587-014fd3e3db65","Explication","uri"
"9dcbf21a-c78e-4649-b715-93f7816c118e","Explication","uri"
"efc254f9-6691-4fef-b989-f37a131867a6","Explication","uri"
"619ae314-68af-4955-81a0-391034ad4063","Explication","uri"
"d34b22ba-9291-4b04-895b-ab14d9a4b0bb","Explication","uri"
"fef2933c-5f65-4a17-a391-d59e2995f137","Explication","uri"
"e04f4d7c-7ca9-4d95-a314-a8143454b074","Explication","uri"
"6f75cae8-ce5c-4725-85ee-dff46116d50b","Explication","uri"
"ac361449-097f-4e3d-82a9-693b0eb50ef3","Explication","uri"
"132fce18-54fb-4bf1-919b-44b217a6e77f","Explication","uri"
"84da8040-ea9e-4303-a43a-3fe280744b1b","Explication","uri"
"a03866b1-5914-4561-af92-186d30bcb822","Explication","uri"
"ba2e3757-bbcf-4fd6-9b28-d1d5003aa19d","Explication","uri"
"6d8cead4-f9ec-49b3-b636-b897c081f2da","Explication","uri"
"81788ae0-f8f9-48d2-9e79-3565bcba027c","Explication","uri"
"6c90d8a3-8cf2-43bd-896c-4067c8312c48","Explication","uri"
"07997552-e1ce-4685-9e36-7821538c0385","Explication","uri"
"0b1f6aeb-cc70-442a-854c-08d85777da95","Explication","uri"
"c1072276-4e1c-416a-b5d8-db2ef652aadd","Explication","uri"
"dfd87b17-dc74-4103-a9a2-d4e62f54b9cb","Explication","uri"
"e03fa885-b38a-4672-a1e1-18a47fbc57c3","Explication","uri"
"757d21e3-d5df-41fd-aa8c-97f287d6e1e5","Explication","uri"
"31a82b0c-3df0-484f-a739-70f8331e8feb","Explication","uri"
"4c10fa59-efef-4d0b-bc67-9764cd79ac37","Explication","uri"
"f7702f6e-59bc-4306-ac77-1f5c09a17b46","Explication","uri"
"3e9d27ca-5435-4f80-800d-1c73e8028090","Explication","uri"
"0c758e71-0479-4e68-876b-475f17b079d6","Explication","uri"
"78ae117d-80c9-4548-abe0-930812714937","Explication","uri"
"e0ca760d-5c6c-4444-9777-f6bfd1602759","Explication","uri"
"ff797862-8ab2-4998-adbe-7afc1548f2fa","Explication","uri"
"0b0da1e2-cc0a-43cf-9230-94fbacbe7f67","Explication","uri"
"edf026c7-23f9-401d-9754-762b380e580f","Explication","uri"
"1d561642-e7a9-42b9-8df4-07916f8addd9","Explication","uri"
"bef3cf6b-c3a4-4046-be00-c0d931b4f423","Explication","uri"
"68ce21aa-4ed1-4ae5-af7f-7a28426cdd28","Explication","uri"
"715e3592-eb2b-4f33-b5d6-50efe99af9f7","Explication","uri"
"9ad3e74a-a8ff-4acf-9a8e-2a6b636c14b3","Explication","uri"
"8c942759-5bdb-473e-80d2-1a57f1e39ec3","Explication","uri"
"54799e9b-fc58-4c63-930d-3485563ce9e8","Explication","uri"
"ffb10d51-a15f-4d40-b653-0a669dde2d31","Explication","uri"
"d437910a-0c3b-460f-bdf9-450d81f34467","Explication","uri"
"29e950ed-6db0-43df-a8b0-98b302136636","Explication","uri"
"b1661886-3e84-4283-b5e3-86a1f28f6507","Explication","uri"
"5913d719-03b9-435f-a33d-78bfe31efde5","Explication","uri"
"399763dd-6699-4b08-bf96-a6f453145bab","Explication","uri"
"709455e1-d434-4cc3-b351-9e1691b10ec1","Explication","uri"
"a6620e3a-d703-4297-a387-78e10c2df6e5","Explication","uri"
"b1306841-6928-4ab7-a8cc-e43069a51d2c","Explication","uri"
"bd6e4811-e9a6-4397-b6fb-9307adab347a","Explication","uri"
"c84b1bfd-a12c-44b6-9f10-d6e6032d8214","Explication","uri"
"f3afd418-3878-4975-8b8e-1cba5f7640cd","Explication","uri"
"4a29ec28-acda-40f1-8d83-84f3600d4187","Explication","uri"
"f5d70f9a-1c05-4c60-bb74-80277f0ae78a","Explication","uri"
"ea07e85a-0d24-4ecb-ae44-1562726d2b2c","Explication","uri"
"3471a774-637a-468c-b1f7-b5b3524202df","Explication","uri"
"b688c110-0e94-468b-9af3-caa860926a6c","Explication","uri"
"b3360838-6ce8-4a8a-ad21-a573444e6382","Explication","uri"
"a2d1fefd-09c5-4c5c-8e9a-00f0a78ef608","Explication","uri"
"370a8f6e-46f6-4539-a7e1-375a76ad765d","Explication","uri"
"8d6ef0b2-54bf-4db5-ad6a-dce197505edd","Explication","uri"
"7ba6604f-0548-4fcc-a82a-4c2f221ef201","Explication","uri"
"11135b12-9efa-4db2-aeaa-ec6bbea85467","Explication","uri"
"fd8dc2be-dd9e-4910-bf93-fb543a3997b2","Explication","uri"
"bd85d9d8-41e3-4ffd-b166-16e7b26e674d","Explication","uri"
"16eb67da-8796-40a2-a03f-a9c346351e59","Explication","uri"
"1982c27e-691a-4845-a609-81268c623570","Explication","uri"
"5c1193b7-49fb-4092-88fb-84f25d3d6224","Explication","uri"
"3caf738e-b46d-4bcf-b52b-5df9e39ce7f4","Explication","uri"
"a69f3228-e1a7-4a50-98c7-283f6ea64576","Explication","uri"
"c7e92c54-bc21-4840-891c-ce0e6aa66965","Explication","uri"
"95b9e19b-77ee-485e-a444-eb52c9e42e1b","Explication","uri"
"0e236e03-69d4-45ff-bfc5-2d794a04d224","Explication","uri"
"c150e6d5-16eb-40e4-bde6-64a4752568e4","Explication","uri"
"c516ebb1-f08d-47de-aaf1-68d9055fbcf1","Explication","uri"
"cca47ee7-751e-4df3-8c7c-7c19fc0ef716","Explication","uri"
"f4f6bebe-2fd9-4069-9965-e2dc53037353","Explication","uri"
"fbfc9093-76e6-44bf-9649-b3faddc46f4f","Explication","uri"
"394f31af-bde1-4a3e-866c-79075df2a24e","Explication","uri"
"6d8111f9-1b3a-4008-a02b-6c53db1086ad","Explication","uri"
"04cacc6c-cff1-45cc-be9d-74dbcb8e82ea","Explication","uri"
"e480abc9-2882-4ed0-9ae8-95d2d6d7d00e","Explication","uri"
"f507bd01-289c-44a5-a014-db65c8f4e01d","Explication","uri"
"3ac8b43e-80ac-4702-9e11-a907eed564f2","Explication","uri"
"aab6b978-abc7-4111-a36b-7a2986028e46","Explication","uri"
"44c088eb-b215-49e7-bf05-0192fb02ff9c","Explication","uri"
"16d8719d-9394-4787-84d4-d96fd4bc5ff6","Explication","uri"
"671ab488-328f-4cda-b217-9779f1dd0985","Explication","uri"
"78539f01-5603-4edc-a0e2-a4d194e646a6","Explication","uri"
"d662d0d5-b136-48f2-ba7a-b0979731428e","Explication","uri"
"466b7d5b-4ac2-4587-841f-a43cbe157015","Explication","uri"
"68cca617-7098-40ea-bd44-694eefccc3c1","Explication","uri"
"b7c0b2af-1e8e-49c5-b728-27e37cbe843d","Explication","uri"
"36c1f654-0c44-4683-b6bd-e9aa237dcec7","Explication","uri"
"7e2f21e2-70fe-429c-9329-b756aaf77421","Explication","uri"
"4b7d245a-6689-4dc8-9f13-bf7c15bd5836","Explication","uri"
"7b191eb8-e497-4ae0-b49a-46559c21627e","Explication","uri"
"ea33adad-d9c7-4309-a682-832e983eb201","Explication","uri"
"bf371dd5-f870-425f-9fb3-0459540f0b9a","Explication","uri"
"4fbc3267-2561-4b73-aa63-abd7d033f5fd","Explication","uri"
"1cb4cae6-3b05-4d01-b538-a0cefd628215","Explication","uri"
"51879871-7bb6-4e3b-9bae-292d53a01368","Explication","uri"
"c36fc376-d8b5-4bfa-9ea3-d72c7c446e58","Explication","uri"
"6ed1a22d-29fe-471a-8969-fdda0522706a","Explication","uri"
"8b07e231-b785-41e4-8cbc-5ebbe5389116","Explication","uri"
"54056dcb-e729-476e-a906-1c13f07e03d6","Explication","uri"
"f981e6da-c867-4f34-853f-871662fffdd3","Explication","uri"
"dcf06541-2963-4ff6-8f99-2a200b9676ec","Explication","uri"
"13277f86-18ea-4661-bec3-c065680023db","Explication","uri"
"c0893a7a-df8d-4b2f-b53e-b5b92648edd6","Explication","uri"
"e85e5da6-cd0a-4273-b15b-a2c9c42287c3","Explication","uri"
"46329853-853a-4397-ba92-84731ae7714d","Explication","uri"
"14d2419b-604c-4c54-a8da-fc68677c457c","Explication","uri"
"a9013e48-5b4f-40c2-a3cc-c8b3d4e70554","Explication","uri"
"7c56a7ab-3ad3-414b-b6fa-10fd9dddcd85","Explication","uri"
"b26baea7-cbc5-48e0-b5ec-fbb231c390af","Explication","uri"
"40e9d946-d480-4733-b98d-18b0e1055be6","Explication","uri"
"e32b4fd3-bb9f-4004-8f6e-4094d6f20a21","Explication","uri"
"e1e3cfe2-e8d3-4a57-8b19-a2df74e599f4","Explication","uri"
"e76b001b-ccc0-49d3-aff5-f5b0d6522fc6","Explication","uri"
"48ca9826-789f-4829-85f6-ac0570a8fb5d","Explication","uri"
"0e6c368e-c5ef-4001-932f-970043e6b9c2","History","uri"
"d106a5b1-8e10-4896-b869-1522556205bb","History","uri"
"a318309a-c89f-47dd-b92c-bebc92893980","History","uri"
"ef1f3e1e-9649-4864-8957-fa9d1a08f99f","History","uri"
"9cbf8f01-64b7-4f0d-8ce0-1e4470f5be69","History","uri"
"9c596c3c-ce8d-4bac-804b-2c7133919d10","History","uri"
"434b0161-d623-46ba-90a2-3ce0d62d024f","History","uri"
"4c231c87-fbda-403e-9b81-404d09cefc38","History","uri"
"b9f34f53-846e-4762-9859-146b42173e68","History","uri"
"692f733b-987b-4b73-a2bd-b5f1a141ed3f","History","uri"
"8f6b5148-47ba-4e0e-9050-ced04011a4bb","History","uri"
"f15aee55-8e38-41c7-b1b6-4243fab7a250","History","uri"
"f47de3c4-0ce1-4cf4-a490-ec16d4b118ca","History","uri"
"6515ee06-ab0b-463b-9a3d-a4d7e1ae2b8b","History","uri"
"0fb729cf-0b2f-4c81-91d6-57c47f255358","History","uri"
"198ebcf4-9f78-45be-bd62-db28dc2af4fe","History","uri"
"6ef4bfa1-7235-4292-bf0e-2bae898550c3","History","uri"
"64bfed32-01ba-4cd7-b59b-28dfba269229","History","uri"
"ccd5562b-c833-42fa-9ca1-7f6e8856b1dd","History","uri"
"65720f5f-e4e4-46df-9f2f-ad23d2b814e4","History","uri"
"f664bc3f-29ea-4f0d-9044-34243efb32d6","History","uri"
"2ec96b82-e5c3-4eb0-a6a6-02d6eaa1f932","History","uri"
"971395d2-402b-4db4-9410-5b5fd0a98662","History","uri"
"e115800e-8c60-4707-ab03-d5c1bf391752","History","uri"
"a031c532-c69b-4fd2-b3d5-eac9ed5f5098","History","uri"
"0ebf7104-5215-43d2-bfc1-507f5780f0af","History","uri"
"670a3d2b-9bec-472b-bddb-c0c04f4d12f3","History","uri"
"1d5ce1e6-628f-442f-b7ee-3e5d3198ecfd","History","uri"
"694638c2-a418-41bc-9e46-4bac3aee8015","History","uri"
"628827c8-ea94-4ebb-911f-c35c706f38f3","History","uri"
"cf3ac90b-017c-4c9d-b403-b053ab299a1f","History","uri"
"d79a7720-101d-4d61-88b9-5c2be6be58df","History","uri"
"ff67f532-d25b-4bb5-a855-78b838580da4","History","uri"
"29791913-9a72-4539-9581-2577beff26fd","History","uri"
"7c34dada-8077-459f-8fb5-3b5e8669536c","History","uri"
"8d75f43c-d69c-4d9d-aff6-03ab1e9ab7c7","History","uri"
"c862aca6-b04b-4573-9f6e-88808346a69d","History","uri"
"5b3f882b-7c51-4e6f-a58b-033ce34b686d","History","uri"
"28999172-6361-48e3-a1cc-14599e06d3e4","History","uri"
"60a31367-0d11-4ed4-ab5e-e30dad1ceab6","History","uri"
"1fdf7145-0eb7-435a-ba7e-e7b6d68d6780","History","uri"
"9ede53f2-efdc-42e8-b43d-b8109ec542b7","History","uri"
"4e5825f7-c21a-48d4-afac-b5b6bd18a9fb","History","uri"
"ae89d869-f358-40f7-b5d3-1de9199371f8","History","uri"
"15fabebb-9e80-49fd-a3ec-5cf1d18ac409","History","uri"
"e230dce2-4f5f-49bf-a71f-a585ce51e293","History","uri"
"026a6f9f-5ff1-4bbd-b37b-4e6c81fc38ed","History","uri"
"0e79a854-8a97-46e0-a556-4b2b33a7c710","History","uri"
"7a2b79a8-4b0f-40a6-bef8-3477c8d85b06","History","uri"
"b1ae8a22-a8df-400f-80c8-fea43471cf89","History","uri"
"4f116ee1-e5da-48ee-91ee-4d620c6ee6db","History","uri"
"7b72fda2-1e95-448f-a995-7e280753a4f7","History","uri"
"7d5caef8-928a-4c5d-ad9f-dee3c91b1a40","History","uri"
"2c260b8e-cfe3-4d42-98bd-1e9c355216e2","History","uri"
"ebe46d57-6a18-4e9b-bbfd-0872fad8e60d","History","uri"
"d83407dc-4e57-4414-9643-29b3f8a92b80","History","uri"
"314b5a03-3001-4448-a85f-a2f8063a7748","History","uri"
"b088a9a3-8fce-49f5-8748-cfb142fe7665","History","uri"
"f04d40ff-edcb-477e-9fea-d231f157f613","History","uri"
"f80ffd33-a003-4620-ac4b-f237fc80f1c3","History","uri"
"5481256c-29f3-4e40-9e5c-1c25507b8f21","History","uri"
"3271e6ed-40d9-4c72-b1bf-75541957e464","History","uri"
"f956194b-a13c-4b02-9664-56d71127cf1f","History","uri"
"02a1b510-733d-418b-82e9-1759b4518222","History","uri"
"9d4a5347-e992-4ca6-9a49-006de6be78fc","History","uri"
"cb044e3f-5731-4267-ae63-e65a2725d9b7","History","uri"
"0715d421-9dc2-4858-a5c6-2594b5dd1a8f","History","uri"
"c700585c-ce8e-4e4c-ac75-0c0d7c4869c2","History","uri"
"4820effc-8352-4f58-b6b8-30ed2e282e00","History","uri"
"6ac9cac2-9b64-4728-841e-659ec528a297","History","uri"
"20e9f664-4c52-451d-801f-6b2861cb93e3","History","uri"
"57410bd9-9342-42c3-bec7-e07e1233e780","History","uri"
"a8236cca-2e2b-44a2-aa52-9d60723e3674","History","uri"
"d9fe99fa-832b-4e44-8918-4a4a5612696c","History","uri"
"a57bc761-4300-4f63-bf3f-367be7670400","History","uri"
"06259b2f-d22e-4302-9617-9a93ecfe0673","History","uri"
"3adf73c9-4ae9-4a0d-99ec-68c29b4208af","History","uri"
"c99d4dda-baba-44b9-be2e-3aa000810275","History","uri"
"652faeee-67cf-450f-b451-ec99263780d2","History","uri"
"63da3ccb-ed78-465d-b724-8f091b0af200","History","uri"
"45b1a08b-1a44-4fd5-923b-78d7749b24de","History","uri"
"bb2f2ab0-4740-45da-b25b-a2f2fd182f3b","History","uri"
"1433dddb-fb2c-4428-be79-6a2e511e7844","History","uri"
"b57639c1-acc4-4d71-84e0-7352ab28f65d","History","uri"
"8c5f4d07-ab39-4710-9e21-91b3fd5865a3","History","uri"
"86e96ff9-2f9b-4b3c-b364-b0f6d874bfe6","History","uri"
"18d17fe4-7215-48fb-9624-a077598608cb","History","uri"
"ff98ad03-6aa9-4044-aa95-9f5cacfd8ee1","History","uri"
"21ad808e-c403-44af-b8d1-64effe94d6df","History","uri"
"9d2c0f7c-ba4b-400e-b6e6-07a27b873651","History","uri"
"4afbbf16-705d-4ff6-bb0e-30348e012e74","History","uri"
"58d3a11a-1e64-45a5-8519-ca2107480f59","History","uri"
"34671462-b006-4db4-86f6-deef9805dbce","History","uri"
"0d3cf3a6-e945-4cb3-9c03-c2db87a0ca75","History","uri"
"147dedf6-48ab-49e5-ac22-2465b076177c","History","uri"
"ce58ac57-069b-467b-8af8-b82e12265e23","History","uri"
"dbad1412-ebf0-40cb-863d-22ca8b92f5db","History","uri"
"7dfe077f-c7de-4408-b4b9-3f0ec62aebb2","History","uri"
"0c7b59a2-254e-43f2-99df-83230aee6879","History","uri"
"d9b19960-0d08-475e-b225-6b2009cd5ccf","History","uri"
"139b3d83-dc8f-47b0-9904-1baf9a503c43","History","uri"
"955370e6-53ee-4162-bdfb-e41fd500636b","History","uri"
"7a5b038e-a591-41c2-9a4b-6ac5ccb67702","History","uri"
"bf18eacf-0976-4d4a-a0e5-ef61f1dcaadb","History","uri"
"3fe84744-699a-479c-970e-b6beb1eb0e7a","History","uri"
"4219bb48-adfb-47c8-9bf8-9ed169c7f0ea","History","uri"
"ef16ec58-16e3-41db-a5cf-65af9571e281","History","uri"
"ade194c6-96c3-42a6-bb7c-73b1041a69ed","History","uri"
"15b22767-cf46-4aee-bd7f-856b13054f7c","History","uri"
"d6638d1e-6921-41ca-a6f4-109ebc51b4dc","History","uri"
"7a10d0c0-f653-40a7-9645-ce11d84a6aa0","History","uri"
"27a44592-9e32-4c46-8230-7f6531d0145a","History","uri"
"d6c5fafb-d15f-4ba0-931d-4e42760eb4f8","History","uri"
"4f9d4684-0809-4b96-a85c-72d7df2a6ac3","History","uri"
"9702371e-9e51-43be-a0e3-462fb0024858","History","uri"
"4b6b3ca2-58b7-4fe2-98e8-ce0d5d96f846","History","uri"
"8de6b942-d56f-4b3b-8c25-66cb8b61bc51","History","uri"
"3150d33b-51d6-4667-86b9-764f3f084138","History","uri"
"b9bc3535-04b2-46b7-b3ec-ebc418ec648d","History","uri"
"dbebffd8-4864-41b2-b57a-8552444739e5","History","uri"
"0d188130-d819-4976-bfdb-c0f84173f92c","History","uri"
"53299aef-85fd-4b55-a481-46950f96e9d8","History","uri"
"aeaf2bf0-cf4f-4b7a-8b12-9cfa7ecb0768","History","uri"